username,hashed_password,total,salt
test,446414849341c737416f37ae4d39c4a9001417089cab52e9781194629dc01cd796219c75377d39a6fd1917c164a0b3ca44d17909b6f32d5f3de8fd28279ab30e,88.3,PZzOowrn2t0b0uiW
admin,8be79dd977d0962eada5e5e074f1a48f4438acd5b60e8ed95fc0dba0ce6f8b52be70956bcbb04464e788b0ca1460ba8f22d1e0377350823711832b6404638142,9.700000000000728,ecs4IaT65dOtbdQH
n,8c50cd0d2a85b3809609699cf68bd341194fc1548633da791c2041ce4dfcee35a83a63dc6d4d2467f60f773eb193ba0212823276168acfbd68c614f70713031c,1.612914555587263e+17,2HcaRNw42TMB47nk
